Symbol,Price Level,Note,Foreground Color,Background Color,Text Alignment,Diameter,Draw Note Price Horizontal Line
NQZ6,27500.75,VL,#1E90FF,,left,1,TRUE
NQZ6,27616.5,VL,#1E90FF,,left,1,TRUE
NQZ6,27691.5,VL,#1E90FF,,left,1,TRUE
NQZ6,27764.75,VL,#1E90FF,,left,1,TRUE
NQZ6,27930.5,VL,#1E90FF,,left,1,TRUE
NQZ6,28000.25,VL,#1E90FF,,left,1,TRUE
NQZ6,28077.25,VL,#1E90FF,,left,1,TRUE
NQZ6,28194.75,VL,#1E90FF,,left,1,TRUE
NQZ6,28434,VL,#1E90FF,,left,1,TRUE
NQZ6,28504.5,VL,#1E90FF,,left,1,TRUE
NQZ6,28549.25,VL,#1E90FF,,left,1,TRUE
NQZ6,28598,VL,#1E90FF,,left,1,TRUE
NQZ6,28651,VL,#1E90FF,,left,1,TRUE
NQZ6,28692.75,VL,#1E90FF,,left,1,TRUE
NQZ6,28823.75,VL,#1E90FF,,left,1,TRUE
NQZ6,28898.5,VL,#1E90FF,,left,1,TRUE
NQZ6,28983.75,VL,#1E90FF,,left,1,TRUE
NQZ6,29043.5,VL,#1E90FF,,left,1,TRUE
NQZ6,29154.5,VL,#1E90FF,,left,1,TRUE
NQZ6,29202.25,VL,#1E90FF,,left,1,TRUE
NQZ6,29226.25,VAL,#0000FF,,left,1,TRUE
NQZ6,29337.5,VL,#1E90FF,,left,1,TRUE
NQZ6,29493.5,VL,#1E90FF,,left,1,TRUE
NQZ6,29561.5,VL,#1E90FF,,left,1,TRUE
NQZ6,29631,VL,#1E90FF,,left,1,TRUE
NQZ6,29661,VL,#1E90FF,,left,1,TRUE
NQZ6,29776,VL,#1E90FF,,left,1,TRUE
NQZ6,29819.25,POC,#FF00FF,,left,1,TRUE
NQZ6,29861.25,VL,#1E90FF,,left,1,TRUE
NQZ6,29982.75,VL,#1E90FF,,left,1,TRUE
NQZ6,30021,VL,#1E90FF,,left,1,TRUE
NQZ6,30113.5,VL,#1E90FF,,left,1,TRUE
NQZ6,30222.25,VL,#1E90FF,,left,1,TRUE
NQZ6,30375.5,VL,#1E90FF,,left,1,TRUE
NQZ6,30413,VL,#1E90FF,,left,1,TRUE
NQZ6,30453.75,VL,#1E90FF,,left,1,TRUE
NQZ6,30534.25,VL,#1E90FF,,left,1,TRUE
NQZ6,30584.25,VL,#1E90FF,,left,1,TRUE
NQZ6,30663.25,VL,#1E90FF,,left,1,TRUE
NQZ6,30702,VL,#1E90FF,,left,1,TRUE
NQZ6,30703.5,VAH,#0000FF,,left,1,TRUE
NQZ6,30811,VL,#1E90FF,,left,1,TRUE
NQZ6,30871.5,VL,#1E90FF,,left,1,TRUE
NQZ6,30960.25,VL,#1E90FF,,left,1,TRUE
NQZ6,31099.5,VL,#1E90FF,,left,1,TRUE
NQZ6,31198.75,VL,#1E90FF,,left,1,TRUE
NQZ6,31241.75,VL,#1E90FF,,left,1,TRUE
NQZ6,31384.75,VL,#1E90FF,,left,1,TRUE
